feature,importance
annual_hdd_delta_365,0.42154983
annual_hdd_delta_364,0.1299096
annual_temp_delta_365,0.0547995
is_weekend,0.031621642
is_holiday,0.02968357
temp_change_1d,0.0138947535
target_temp_min_7,0.0132794995
annual_temp_delta_364,0.013002356
recent_same_weekday,0.012373443
y_min_365,0.012098805
y_mean_14,0.0120421015
target_hdd_sum_7,0.011631927
y_max_7,0.010548292
target_date_lag_365,0.009549425
y_max_180,0.009249829
y_mean_3,0.008514463
y_mean_180,0.008465564
y_max_365,0.008437465
y_lag_8,0.007910447
dow,0.007868035
target_temp_mean_7,0.0072286967
temp_vs_trailing_7,0.0071946066
y_min_90,0.0065495237
cold_degree_below_15,0.0064686285
seasonal_reference,0.0064083952
y_std_180,0.006045419
target_date_lag_364,0.0053872657
hdd,0.005122332
doy_sin,0.005067714
year,0.004735761
target_hdd_sum_14,0.004710709
y_mean_28,0.0046558916
target_hdd_sum_3,0.0044421493
target_temp_min_3,0.0041198507
before_holiday,0.004060795
y_min_28,0.0040555927
target_temp_mean_14,0.003818953
target_temp_mean_28,0.0035597852
target_temp_min_14,0.0035090458
y_std_365,0.0034740525
cold_degree_below_10,0.0032402375
annual_temp_365,0.0029542984
doy_cos,0.0029519051
y_lag_91,0.002864188
target_hdd_sum_28,0.0027969524
y_mean_365,0.0025360694
y_lag_365,0.0025232683
y_lag_364,0.0023471112
target_temp_mean_3,0.002246168
after_holiday,0.0021920563
y_std_90,0.0021015606
y_min_180,0.0019983733
target_temp_min_28,0.0018925437
y_min_14,0.0018581776
temp_avg,0.0018350425
y_mean_90,0.0018070234
temp_max_mean_7,0.0016353381
y_max_3,0.0016236898
annual_temp_364,0.0015918894
month,0.0015159571
temp_max,0.0014899238
cold_degree_below_18,0.0014169875
temp_change,0.0012846785
y_lag_7,0.0012535267
y_lag_1,0.0011680479
temp_max_mean_3,0.0011623186
temp_range,0.0011080407
temp_min,0.0010926409
y_min_3,0.0010600681
recent_trend,0.0010392212
y_max_90,0.0010106653
y_lag_10,0.0009862477
y_std_7,0.0009039099
y_lag_13,0.00087460835
y_max_14,0.00085500913
y_max_28,0.00077167095
day,0.00076408195
y_lag_21,0.0007461681
temp_max_lag_1,0.00069890835
temp_max_mean_28,0.0006584509
y_std_28,0.0006388696
y_lag_14,0.00062196126
y_lag_4,0.0005523316
temp_min_lag_1,0.00051982416
y_lag_56,0.000495402
y_std_14,0.00044436895
y_mean_7,0.00044112155
y_lag_12,0.0004254808
y_lag_28,0.00036585945
y_lag_9,0.00036439867
y_lag_182,0.00035041157
y_lag_3,0.0002722868
cold_degree_below_5,0.0002461606
temp_min_mean_28,0.00024466892
y_lag_5,0.00019061395
y_lag_6,0.00018132827
y_min_7,0.00017101598
cold_degree_below_0,0.00016916834
temp_min_mean_3,0.00016413705
cdd,0.00015534644
y_lag_2,0.00014888837
temp_min_mean_7,0.00014381314
temp_avg_lag_1,0.00013723322
temp_avg_mean_28,0.00013717514
y_lag_11,0.0001355333
temp_avg_mean_3,0.000103947845
horizon,9.947643e-05
temp_avg_mean_7,9.8538396e-05
y_std_3,7.793446e-05
history_imputed_days,0.0
annual_recent_level_ratio,0.0
target_temp_coverage_3,0.0
target_temp_coverage_14,0.0
target_temp_coverage_7,0.0
target_temp_coverage_28,0.0
hdd_squared,0.0
